{
    "logs": [
        {
            "outputFile": "C:\\Users\\Henry\\Desktop\\apps\\exchange2\\app\\build\\intermediates\\incremental\\mergeDebugResources\\merged.dir\\values-ms\\values-ms.xml",
            "map": [
                {
                    "source": "C:\\Users\\Henry\\Desktop\\apps\\apkkk\\.gradle\\caches\\transforms-2\\files-2.1\\cb99e77638f7aea73fdfbb0798f74a2b\\appcompat-1.1.0\\res\\values-ms\\values-ms.xml",
                    "from": {
                        "startLines": "2,3,4,5,6,7,8,9,10,11,12,13,14,15,16,17,18,19,20,21,22,23,24,25,26,27,28,29",
                        "startColumns": "4,4,4,4,4,4,4,4,4,4,4,4,4,4,4,4,4,4,4,4,4,4,4,4,4,4,4,4",
                        "startOffsets": "105,216,321,429,516,620,731,810,889,980,1072,1167,1261,1360,1453,1548,1642,1733,1824,1903,2015,2123,2220,2329,2433,2540,2699,2800",
                        "endColumns": "110,104,107,86,103,110,78,78,90,91,94,93,98,92,94,93,90,90,78,111,107,96,108,103,106,158,100,79",
                        "endOffsets": "211,316,424,511,615,726,805,884,975,1067,1162,1256,1355,1448,1543,1637,1728,1819,1898,2010,2118,2215,2324,2428,2535,2694,2795,2875"
                    }
                },
                {
                    "source": "C:\\Users\\Henry\\Desktop\\apps\\apkkk\\.gradle\\caches\\transforms-2\\files-2.1\\65288fada49b0b6c64631011b3fa4627\\core-1.1.0\\res\\values-ms\\values-ms.xml",
                    "from": {
                        "startLines": "2",
                        "startColumns": "4",
                        "startOffsets": "55",
                        "endColumns": "100",
                        "endOffsets": "151"
                    },
                    "to": {
                        "startLines": "30",
                        "startColumns": "4",
                        "startOffsets": "2880",
                        "endColumns": "100",
                        "endOffsets": "2976"
                    }
                }
            ]
        }
    ]
}