{
    "logs": [
        {
            "outputFile": "C:\\Users\\Henry\\Desktop\\apps\\exchange2\\app\\build\\intermediates\\incremental\\mergeDebugResources\\merged.dir\\values-fr-rCA\\values-fr-rCA.xml",
            "map": [
                {
                    "source": "C:\\Users\\Henry\\Desktop\\apps\\apkkk\\.gradle\\caches\\transforms-2\\files-2.1\\cb99e77638f7aea73fdfbb0798f74a2b\\appcompat-1.1.0\\res\\values-fr-rCA\\values-fr-rCA.xml",
                    "from": {
                        "startLines": "2,3,4,5,6,7,8,9,10,11,12,13,14,15,16,17,18,19,20,21,22,23,24,25,26,27,28,29",
                        "startColumns": "4,4,4,4,4,4,4,4,4,4,4,4,4,4,4,4,4,4,4,4,4,4,4,4,4,4,4,4",
                        "startOffsets": "105,216,323,433,520,626,756,841,922,1013,1105,1203,1298,1399,1492,1585,1680,1771,1862,1947,2057,2168,2271,2382,2490,2597,2756,2855",
                        "endColumns": "110,106,109,86,105,129,84,80,90,91,97,94,100,92,92,94,90,90,84,109,110,102,110,107,106,158,98,85",
                        "endOffsets": "211,318,428,515,621,751,836,917,1008,1100,1198,1293,1394,1487,1580,1675,1766,1857,1942,2052,2163,2266,2377,2485,2592,2751,2850,2936"
                    }
                },
                {
                    "source": "C:\\Users\\Henry\\Desktop\\apps\\apkkk\\.gradle\\caches\\transforms-2\\files-2.1\\65288fada49b0b6c64631011b3fa4627\\core-1.1.0\\res\\values-fr-rCA\\values-fr-rCA.xml",
                    "from": {
                        "startLines": "2",
                        "startColumns": "4",
                        "startOffsets": "55",
                        "endColumns": "100",
                        "endOffsets": "151"
                    },
                    "to": {
                        "startLines": "30",
                        "startColumns": "4",
                        "startOffsets": "2941",
                        "endColumns": "100",
                        "endOffsets": "3037"
                    }
                }
            ]
        }
    ]
}