{
    "logs": [
        {
            "outputFile": "C:\\Users\\Henry\\Desktop\\apps\\exchange2\\app\\build\\intermediates\\incremental\\mergeDebugResources\\merged.dir\\values-sk\\values-sk.xml",
            "map": [
                {
                    "source": "C:\\Users\\Henry\\Desktop\\apps\\apkkk\\.gradle\\caches\\transforms-2\\files-2.1\\65288fada49b0b6c64631011b3fa4627\\core-1.1.0\\res\\values-sk\\values-sk.xml",
                    "from": {
                        "startLines": "2",
                        "startColumns": "4",
                        "startOffsets": "55",
                        "endColumns": "100",
                        "endOffsets": "151"
                    },
                    "to": {
                        "startLines": "30",
                        "startColumns": "4",
                        "startOffsets": "2899",
                        "endColumns": "100",
                        "endOffsets": "2995"
                    }
                },
                {
                    "source": "C:\\Users\\Henry\\Desktop\\apps\\apkkk\\.gradle\\caches\\transforms-2\\files-2.1\\cb99e77638f7aea73fdfbb0798f74a2b\\appcompat-1.1.0\\res\\values-sk\\values-sk.xml",
                    "from": {
                        "startLines": "2,3,4,5,6,7,8,9,10,11,12,13,14,15,16,17,18,19,20,21,22,23,24,25,26,27,28,29",
                        "startColumns": "4,4,4,4,4,4,4,4,4,4,4,4,4,4,4,4,4,4,4,4,4,4,4,4,4,4,4,4",
                        "startOffsets": "105,212,313,424,510,618,736,815,893,984,1076,1174,1268,1369,1462,1557,1655,1746,1837,1920,2025,2133,2232,2338,2450,2553,2719,2817",
                        "endColumns": "106,100,110,85,107,117,78,77,90,91,97,93,100,92,94,97,90,90,82,104,107,98,105,111,102,165,97,81",
                        "endOffsets": "207,308,419,505,613,731,810,888,979,1071,1169,1263,1364,1457,1552,1650,1741,1832,1915,2020,2128,2227,2333,2445,2548,2714,2812,2894"
                    }
                }
            ]
        }
    ]
}