{
    "logs": [
        {
            "outputFile": "C:\\Users\\Henry\\Desktop\\apps\\exchange2\\app\\build\\intermediates\\incremental\\mergeDebugResources\\merged.dir\\values-watch-v20\\values-watch-v20.xml",
            "map": [
                {
                    "source": "C:\\Users\\Henry\\Desktop\\apps\\apkkk\\.gradle\\caches\\transforms-2\\files-2.1\\cb99e77638f7aea73fdfbb0798f74a2b\\appcompat-1.1.0\\res\\values-watch-v20\\values-watch-v20.xml",
                    "from": {
                        "startLines": "2,5,8",
                        "startColumns": "4,4,4",
                        "startOffsets": "55,214,385",
                        "endLines": "4,7,10",
                        "endColumns": "12,12,12",
                        "endOffsets": "209,380,553"
                    }
                }
            ]
        }
    ]
}