{
    "logs": [
        {
            "outputFile": "C:\\Users\\Henry\\Desktop\\apps\\exchange2\\app\\build\\intermediates\\incremental\\mergeDebugResources\\merged.dir\\values-ro\\values-ro.xml",
            "map": [
                {
                    "source": "C:\\Users\\Henry\\Desktop\\apps\\apkkk\\.gradle\\caches\\transforms-2\\files-2.1\\cb99e77638f7aea73fdfbb0798f74a2b\\appcompat-1.1.0\\res\\values-ro\\values-ro.xml",
                    "from": {
                        "startLines": "2,3,4,5,6,7,8,9,10,11,12,13,14,15,16,17,18,19,20,21,22,23,24,25,26,27,28,29",
                        "startColumns": "4,4,4,4,4,4,4,4,4,4,4,4,4,4,4,4,4,4,4,4,4,4,4,4,4,4,4,4",
                        "startOffsets": "105,226,330,443,527,631,752,837,918,1009,1101,1196,1290,1391,1484,1579,1673,1764,1856,1938,2050,2158,2258,2372,2478,2584,2748,2851",
                        "endColumns": "120,103,112,83,103,120,84,80,90,91,94,93,100,92,94,93,90,91,81,111,107,99,113,105,105,163,102,82",
                        "endOffsets": "221,325,438,522,626,747,832,913,1004,1096,1191,1285,1386,1479,1574,1668,1759,1851,1933,2045,2153,2253,2367,2473,2579,2743,2846,2929"
                    }
                },
                {
                    "source": "C:\\Users\\Henry\\Desktop\\apps\\apkkk\\.gradle\\caches\\transforms-2\\files-2.1\\65288fada49b0b6c64631011b3fa4627\\core-1.1.0\\res\\values-ro\\values-ro.xml",
                    "from": {
                        "startLines": "2",
                        "startColumns": "4",
                        "startOffsets": "55",
                        "endColumns": "100",
                        "endOffsets": "151"
                    },
                    "to": {
                        "startLines": "30",
                        "startColumns": "4",
                        "startOffsets": "2934",
                        "endColumns": "100",
                        "endOffsets": "3030"
                    }
                }
            ]
        }
    ]
}