{
    "logs": [
        {
            "outputFile": "C:\\Users\\Henry\\Desktop\\apps\\exchange2\\app\\build\\intermediates\\incremental\\mergeDebugResources\\merged.dir\\values-lt\\values-lt.xml",
            "map": [
                {
                    "source": "C:\\Users\\Henry\\Desktop\\apps\\apkkk\\.gradle\\caches\\transforms-2\\files-2.1\\65288fada49b0b6c64631011b3fa4627\\core-1.1.0\\res\\values-lt\\values-lt.xml",
                    "from": {
                        "startLines": "2",
                        "startColumns": "4",
                        "startOffsets": "55",
                        "endColumns": "100",
                        "endOffsets": "151"
                    },
                    "to": {
                        "startLines": "30",
                        "startColumns": "4",
                        "startOffsets": "2957",
                        "endColumns": "100",
                        "endOffsets": "3053"
                    }
                },
                {
                    "source": "C:\\Users\\Henry\\Desktop\\apps\\apkkk\\.gradle\\caches\\transforms-2\\files-2.1\\cb99e77638f7aea73fdfbb0798f74a2b\\appcompat-1.1.0\\res\\values-lt\\values-lt.xml",
                    "from": {
                        "startLines": "2,3,4,5,6,7,8,9,10,11,12,13,14,15,16,17,18,19,20,21,22,23,24,25,26,27,28,29",
                        "startColumns": "4,4,4,4,4,4,4,4,4,4,4,4,4,4,4,4,4,4,4,4,4,4,4,4,4,4,4,4",
                        "startOffsets": "105,221,325,438,525,627,749,832,913,1007,1102,1199,1295,1399,1495,1593,1689,1783,1877,1959,2068,2176,2276,2386,2491,2597,2773,2874",
                        "endColumns": "115,103,112,86,101,121,82,80,93,94,96,95,103,95,97,95,93,93,81,108,107,99,109,104,105,175,100,82",
                        "endOffsets": "216,320,433,520,622,744,827,908,1002,1097,1194,1290,1394,1490,1588,1684,1778,1872,1954,2063,2171,2271,2381,2486,2592,2768,2869,2952"
                    }
                }
            ]
        }
    ]
}