{
    "logs": [
        {
            "outputFile": "C:\\Users\\Henry\\Desktop\\apps\\exchange2\\app\\build\\intermediates\\incremental\\mergeDebugResources\\merged.dir\\values-eu\\values-eu.xml",
            "map": [
                {
                    "source": "C:\\Users\\Henry\\Desktop\\apps\\apkkk\\.gradle\\caches\\transforms-2\\files-2.1\\cb99e77638f7aea73fdfbb0798f74a2b\\appcompat-1.1.0\\res\\values-eu\\values-eu.xml",
                    "from": {
                        "startLines": "2,3,4,5,6,7,8,9,10,11,12,13,14,15,16,17,18,19,20,21,22,23,24,25,26,27,28,29",
                        "startColumns": "4,4,4,4,4,4,4,4,4,4,4,4,4,4,4,4,4,4,4,4,4,4,4,4,4,4,4,4",
                        "startOffsets": "105,214,312,422,508,614,738,824,906,998,1091,1187,1281,1383,1477,1573,1670,1762,1855,1936,2045,2154,2253,2362,2469,2580,2751,2850",
                        "endColumns": "108,97,109,85,105,123,85,81,91,92,95,93,101,93,95,96,91,92,80,108,108,98,108,106,110,170,98,81",
                        "endOffsets": "209,307,417,503,609,733,819,901,993,1086,1182,1276,1378,1472,1568,1665,1757,1850,1931,2040,2149,2248,2357,2464,2575,2746,2845,2927"
                    }
                },
                {
                    "source": "C:\\Users\\Henry\\Desktop\\apps\\apkkk\\.gradle\\caches\\transforms-2\\files-2.1\\65288fada49b0b6c64631011b3fa4627\\core-1.1.0\\res\\values-eu\\values-eu.xml",
                    "from": {
                        "startLines": "2",
                        "startColumns": "4",
                        "startOffsets": "55",
                        "endColumns": "100",
                        "endOffsets": "151"
                    },
                    "to": {
                        "startLines": "30",
                        "startColumns": "4",
                        "startOffsets": "2932",
                        "endColumns": "100",
                        "endOffsets": "3028"
                    }
                }
            ]
        }
    ]
}