{
    "logs": [
        {
            "outputFile": "C:\\Users\\Henry\\Desktop\\apps\\exchange2\\app\\build\\intermediates\\incremental\\mergeDebugResources\\merged.dir\\values-v25\\values-v25.xml",
            "map": [
                {
                    "source": "C:\\Users\\Henry\\Desktop\\apps\\apkkk\\.gradle\\caches\\transforms-2\\files-2.1\\cb99e77638f7aea73fdfbb0798f74a2b\\appcompat-1.1.0\\res\\values-v25\\values-v25.xml",
                    "from": {
                        "startLines": "2,3,4,6",
                        "startColumns": "4,4,4,4",
                        "startOffsets": "55,126,209,308",
                        "endLines": "2,3,5,7",
                        "endColumns": "70,82,12,12",
                        "endOffsets": "121,204,303,414"
                    }
                }
            ]
        }
    ]
}