{
    "logs": [
        {
            "outputFile": "C:\\Users\\Henry\\Desktop\\apps\\exchange2\\app\\build\\intermediates\\incremental\\mergeDebugResources\\merged.dir\\values-ar\\values-ar.xml",
            "map": [
                {
                    "source": "C:\\Users\\Henry\\Desktop\\apps\\apkkk\\.gradle\\caches\\transforms-2\\files-2.1\\65288fada49b0b6c64631011b3fa4627\\core-1.1.0\\res\\values-ar\\values-ar.xml",
                    "from": {
                        "startLines": "2",
                        "startColumns": "4",
                        "startOffsets": "55",
                        "endColumns": "100",
                        "endOffsets": "151"
                    },
                    "to": {
                        "startLines": "30",
                        "startColumns": "4",
                        "startOffsets": "2839",
                        "endColumns": "100",
                        "endOffsets": "2935"
                    }
                },
                {
                    "source": "C:\\Users\\Henry\\Desktop\\apps\\apkkk\\.gradle\\caches\\transforms-2\\files-2.1\\cb99e77638f7aea73fdfbb0798f74a2b\\appcompat-1.1.0\\res\\values-ar\\values-ar.xml",
                    "from": {
                        "startLines": "2,3,4,5,6,7,8,9,10,11,12,13,14,15,16,17,18,19,20,21,22,23,24,25,26,27,28,29",
                        "startColumns": "4,4,4,4,4,4,4,4,4,4,4,4,4,4,4,4,4,4,4,4,4,4,4,4,4,4,4,4",
                        "startOffsets": "105,213,317,424,506,607,721,801,880,971,1063,1155,1249,1350,1443,1538,1631,1722,1816,1894,1999,2097,2195,2303,2403,2506,2661,2758",
                        "endColumns": "107,103,106,81,100,113,79,78,90,91,91,93,100,92,94,92,90,93,77,104,97,97,107,99,102,154,96,80",
                        "endOffsets": "208,312,419,501,602,716,796,875,966,1058,1150,1244,1345,1438,1533,1626,1717,1811,1889,1994,2092,2190,2298,2398,2501,2656,2753,2834"
                    }
                }
            ]
        }
    ]
}