{
    "logs": [
        {
            "outputFile": "C:\\Users\\Henry\\Desktop\\apps\\exchange2\\app\\build\\intermediates\\incremental\\mergeDebugResources\\merged.dir\\values-sq\\values-sq.xml",
            "map": [
                {
                    "source": "C:\\Users\\Henry\\Desktop\\apps\\apkkk\\.gradle\\caches\\transforms-2\\files-2.1\\cb99e77638f7aea73fdfbb0798f74a2b\\appcompat-1.1.0\\res\\values-sq\\values-sq.xml",
                    "from": {
                        "startLines": "2,3,4,5,6,7,8,9,10,11,12,13,14,15,16,17,18,19,20,21,22,23,24,25,26,27,28,29",
                        "startColumns": "4,4,4,4,4,4,4,4,4,4,4,4,4,4,4,4,4,4,4,4,4,4,4,4,4,4,4,4",
                        "startOffsets": "105,219,319,431,517,623,746,828,907,998,1090,1185,1279,1381,1474,1569,1666,1757,1850,1930,2036,2140,2238,2344,2448,2550,2704,2801",
                        "endColumns": "113,99,111,85,105,122,81,78,90,91,94,93,101,92,94,96,90,92,79,105,103,97,105,103,101,153,96,80",
                        "endOffsets": "214,314,426,512,618,741,823,902,993,1085,1180,1274,1376,1469,1564,1661,1752,1845,1925,2031,2135,2233,2339,2443,2545,2699,2796,2877"
                    }
                },
                {
                    "source": "C:\\Users\\Henry\\Desktop\\apps\\apkkk\\.gradle\\caches\\transforms-2\\files-2.1\\65288fada49b0b6c64631011b3fa4627\\core-1.1.0\\res\\values-sq\\values-sq.xml",
                    "from": {
                        "startLines": "2",
                        "startColumns": "4",
                        "startOffsets": "55",
                        "endColumns": "100",
                        "endOffsets": "151"
                    },
                    "to": {
                        "startLines": "30",
                        "startColumns": "4",
                        "startOffsets": "2882",
                        "endColumns": "100",
                        "endOffsets": "2978"
                    }
                }
            ]
        }
    ]
}