{
    "logs": [
        {
            "outputFile": "C:\\Users\\Henry\\Desktop\\apps\\exchange2\\app\\build\\intermediates\\incremental\\mergeDebugResources\\merged.dir\\values-my\\values-my.xml",
            "map": [
                {
                    "source": "C:\\Users\\Henry\\Desktop\\apps\\apkkk\\.gradle\\caches\\transforms-2\\files-2.1\\65288fada49b0b6c64631011b3fa4627\\core-1.1.0\\res\\values-my\\values-my.xml",
                    "from": {
                        "startLines": "2",
                        "startColumns": "4",
                        "startOffsets": "55",
                        "endColumns": "100",
                        "endOffsets": "151"
                    },
                    "to": {
                        "startLines": "30",
                        "startColumns": "4",
                        "startOffsets": "2957",
                        "endColumns": "100",
                        "endOffsets": "3053"
                    }
                },
                {
                    "source": "C:\\Users\\Henry\\Desktop\\apps\\apkkk\\.gradle\\caches\\transforms-2\\files-2.1\\cb99e77638f7aea73fdfbb0798f74a2b\\appcompat-1.1.0\\res\\values-my\\values-my.xml",
                    "from": {
                        "startLines": "2,3,4,5,6,7,8,9,10,11,12,13,14,15,16,17,18,19,20,21,22,23,24,25,26,27,28,29",
                        "startColumns": "4,4,4,4,4,4,4,4,4,4,4,4,4,4,4,4,4,4,4,4,4,4,4,4,4,4,4,4",
                        "startOffsets": "105,218,325,441,528,637,760,842,924,1015,1107,1202,1296,1397,1490,1585,1679,1770,1861,1945,2060,2169,2268,2394,2501,2609,2769,2872",
                        "endColumns": "112,106,115,86,108,122,81,81,90,91,94,93,100,92,94,93,90,90,83,114,108,98,125,106,107,159,102,84",
                        "endOffsets": "213,320,436,523,632,755,837,919,1010,1102,1197,1291,1392,1485,1580,1674,1765,1856,1940,2055,2164,2263,2389,2496,2604,2764,2867,2952"
                    }
                }
            ]
        }
    ]
}