{
    "logs": [
        {
            "outputFile": "C:\\Users\\Henry\\Desktop\\apps\\exchange2\\app\\build\\intermediates\\incremental\\mergeDebugResources\\merged.dir\\values-ja\\values-ja.xml",
            "map": [
                {
                    "source": "C:\\Users\\Henry\\Desktop\\apps\\apkkk\\.gradle\\caches\\transforms-2\\files-2.1\\cb99e77638f7aea73fdfbb0798f74a2b\\appcompat-1.1.0\\res\\values-ja\\values-ja.xml",
                    "from": {
                        "startLines": "2,3,4,5,6,7,8,9,10,11,12,13,14,15,16,17,18,19,20,21,22,23,24,25,26,27,28,29",
                        "startColumns": "4,4,4,4,4,4,4,4,4,4,4,4,4,4,4,4,4,4,4,4,4,4,4,4,4,4,4,4",
                        "startOffsets": "105,202,295,400,482,580,688,766,842,933,1025,1120,1214,1315,1408,1503,1597,1688,1779,1856,1958,2056,2151,2254,2350,2446,2594,2691",
                        "endColumns": "96,92,104,81,97,107,77,75,90,91,94,93,100,92,94,93,90,90,76,101,97,94,102,95,95,147,96,77",
                        "endOffsets": "197,290,395,477,575,683,761,837,928,1020,1115,1209,1310,1403,1498,1592,1683,1774,1851,1953,2051,2146,2249,2345,2441,2589,2686,2764"
                    }
                },
                {
                    "source": "C:\\Users\\Henry\\Desktop\\apps\\apkkk\\.gradle\\caches\\transforms-2\\files-2.1\\65288fada49b0b6c64631011b3fa4627\\core-1.1.0\\res\\values-ja\\values-ja.xml",
                    "from": {
                        "startLines": "2",
                        "startColumns": "4",
                        "startOffsets": "55",
                        "endColumns": "100",
                        "endOffsets": "151"
                    },
                    "to": {
                        "startLines": "30",
                        "startColumns": "4",
                        "startOffsets": "2769",
                        "endColumns": "100",
                        "endOffsets": "2865"
                    }
                }
            ]
        }
    ]
}