{
    "logs": [
        {
            "outputFile": "C:\\Users\\Henry\\Desktop\\apps\\exchange2\\app\\build\\intermediates\\incremental\\mergeDebugResources\\merged.dir\\values-hy\\values-hy.xml",
            "map": [
                {
                    "source": "C:\\Users\\Henry\\Desktop\\apps\\apkkk\\.gradle\\caches\\transforms-2\\files-2.1\\65288fada49b0b6c64631011b3fa4627\\core-1.1.0\\res\\values-hy\\values-hy.xml",
                    "from": {
                        "startLines": "2",
                        "startColumns": "4",
                        "startOffsets": "55",
                        "endColumns": "100",
                        "endOffsets": "151"
                    },
                    "to": {
                        "startLines": "30",
                        "startColumns": "4",
                        "startOffsets": "2896",
                        "endColumns": "100",
                        "endOffsets": "2992"
                    }
                },
                {
                    "source": "C:\\Users\\Henry\\Desktop\\apps\\apkkk\\.gradle\\caches\\transforms-2\\files-2.1\\cb99e77638f7aea73fdfbb0798f74a2b\\appcompat-1.1.0\\res\\values-hy\\values-hy.xml",
                    "from": {
                        "startLines": "2,3,4,5,6,7,8,9,10,11,12,13,14,15,16,17,18,19,20,21,22,23,24,25,26,27,28,29",
                        "startColumns": "4,4,4,4,4,4,4,4,4,4,4,4,4,4,4,4,4,4,4,4,4,4,4,4,4,4,4,4",
                        "startOffsets": "105,213,313,423,512,618,735,817,898,989,1081,1176,1270,1371,1464,1559,1653,1744,1835,1917,2023,2129,2228,2338,2446,2547,2717,2814",
                        "endColumns": "107,99,109,88,105,116,81,80,90,91,94,93,100,92,94,93,90,90,81,105,105,98,109,107,100,169,96,81",
                        "endOffsets": "208,308,418,507,613,730,812,893,984,1076,1171,1265,1366,1459,1554,1648,1739,1830,1912,2018,2124,2223,2333,2441,2542,2712,2809,2891"
                    }
                }
            ]
        }
    ]
}