{
    "logs": [
        {
            "outputFile": "C:\\Users\\Henry\\Desktop\\apps\\exchange2\\app\\build\\intermediates\\incremental\\mergeDebugResources\\merged.dir\\values-bg\\values-bg.xml",
            "map": [
                {
                    "source": "C:\\Users\\Henry\\Desktop\\apps\\apkkk\\.gradle\\caches\\transforms-2\\files-2.1\\65288fada49b0b6c64631011b3fa4627\\core-1.1.0\\res\\values-bg\\values-bg.xml",
                    "from": {
                        "startLines": "2",
                        "startColumns": "4",
                        "startOffsets": "55",
                        "endColumns": "100",
                        "endOffsets": "151"
                    },
                    "to": {
                        "startLines": "30",
                        "startColumns": "4",
                        "startOffsets": "2937",
                        "endColumns": "100",
                        "endOffsets": "3033"
                    }
                },
                {
                    "source": "C:\\Users\\Henry\\Desktop\\apps\\apkkk\\.gradle\\caches\\transforms-2\\files-2.1\\cb99e77638f7aea73fdfbb0798f74a2b\\appcompat-1.1.0\\res\\values-bg\\values-bg.xml",
                    "from": {
                        "startLines": "2,3,4,5,6,7,8,9,10,11,12,13,14,15,16,17,18,19,20,21,22,23,24,25,26,27,28,29",
                        "startColumns": "4,4,4,4,4,4,4,4,4,4,4,4,4,4,4,4,4,4,4,4,4,4,4,4,4,4,4,4",
                        "startOffsets": "105,225,331,436,522,632,753,833,911,1002,1094,1189,1283,1384,1477,1572,1680,1771,1862,1944,2058,2166,2266,2380,2487,2595,2755,2854",
                        "endColumns": "119,105,104,85,109,120,79,77,90,91,94,93,100,92,94,107,90,90,81,113,107,99,113,106,107,159,98,82",
                        "endOffsets": "220,326,431,517,627,748,828,906,997,1089,1184,1278,1379,1472,1567,1675,1766,1857,1939,2053,2161,2261,2375,2482,2590,2750,2849,2932"
                    }
                }
            ]
        }
    ]
}