{
    "logs": [
        {
            "outputFile": "C:\\Users\\Henry\\Desktop\\apps\\exchange2\\app\\build\\intermediates\\incremental\\mergeDebugResources\\merged.dir\\values-hr\\values-hr.xml",
            "map": [
                {
                    "source": "C:\\Users\\Henry\\Desktop\\apps\\apkkk\\.gradle\\caches\\transforms-2\\files-2.1\\cb99e77638f7aea73fdfbb0798f74a2b\\appcompat-1.1.0\\res\\values-hr\\values-hr.xml",
                    "from": {
                        "startLines": "2,3,4,5,6,7,8,9,10,11,12,13,14,15,16,17,18,19,20,21,22,23,24,25,26,27,28,29",
                        "startColumns": "4,4,4,4,4,4,4,4,4,4,4,4,4,4,4,4,4,4,4,4,4,4,4,4,4,4,4,4",
                        "startOffsets": "105,210,305,412,498,602,721,806,889,980,1072,1167,1261,1362,1455,1550,1645,1736,1827,1912,2016,2128,2229,2334,2448,2550,2719,2816",
                        "endColumns": "104,94,106,85,103,118,84,82,90,91,94,93,100,92,94,94,90,90,84,103,111,100,104,113,101,168,96,83",
                        "endOffsets": "205,300,407,493,597,716,801,884,975,1067,1162,1256,1357,1450,1545,1640,1731,1822,1907,2011,2123,2224,2329,2443,2545,2714,2811,2895"
                    }
                },
                {
                    "source": "C:\\Users\\Henry\\Desktop\\apps\\apkkk\\.gradle\\caches\\transforms-2\\files-2.1\\65288fada49b0b6c64631011b3fa4627\\core-1.1.0\\res\\values-hr\\values-hr.xml",
                    "from": {
                        "startLines": "2",
                        "startColumns": "4",
                        "startOffsets": "55",
                        "endColumns": "100",
                        "endOffsets": "151"
                    },
                    "to": {
                        "startLines": "30",
                        "startColumns": "4",
                        "startOffsets": "2900",
                        "endColumns": "100",
                        "endOffsets": "2996"
                    }
                }
            ]
        }
    ]
}