{
    "logs": [
        {
            "outputFile": "C:\\Users\\Henry\\Desktop\\apps\\exchange2\\app\\build\\intermediates\\incremental\\mergeDebugResources\\merged.dir\\values-v22\\values-v22.xml",
            "map": [
                {
                    "source": "C:\\Users\\Henry\\Desktop\\apps\\apkkk\\.gradle\\caches\\transforms-2\\files-2.1\\cb99e77638f7aea73fdfbb0798f74a2b\\appcompat-1.1.0\\res\\values-v22\\values-v22.xml",
                    "from": {
                        "startLines": "2,3,4,9",
                        "startColumns": "4,4,4,4",
                        "startOffsets": "55,130,217,553",
                        "endLines": "2,3,8,13",
                        "endColumns": "74,86,12,12",
                        "endOffsets": "125,212,548,896"
                    }
                }
            ]
        }
    ]
}