{
    "logs": [
        {
            "outputFile": "C:\\Users\\Henry\\Desktop\\apps\\exchange2\\app\\build\\intermediates\\incremental\\mergeDebugResources\\merged.dir\\values-hdpi-v4\\values-hdpi-v4.xml",
            "map": [
                {
                    "source": "C:\\Users\\Henry\\Desktop\\apps\\apkkk\\.gradle\\caches\\transforms-2\\files-2.1\\cb99e77638f7aea73fdfbb0798f74a2b\\appcompat-1.1.0\\res\\values-hdpi-v4\\values-hdpi-v4.xml",
                    "from": {
                        "startLines": "2",
                        "startColumns": "4",
                        "startOffsets": "55",
                        "endLines": "6",
                        "endColumns": "13",
                        "endOffsets": "327"
                    }
                }
            ]
        }
    ]
}