{
    "logs": [
        {
            "outputFile": "C:\\Users\\Henry\\Desktop\\apps\\exchange2\\app\\build\\intermediates\\incremental\\mergeDebugResources\\merged.dir\\values-gu\\values-gu.xml",
            "map": [
                {
                    "source": "C:\\Users\\Henry\\Desktop\\apps\\apkkk\\.gradle\\caches\\transforms-2\\files-2.1\\65288fada49b0b6c64631011b3fa4627\\core-1.1.0\\res\\values-gu\\values-gu.xml",
                    "from": {
                        "startLines": "2",
                        "startColumns": "4",
                        "startOffsets": "55",
                        "endColumns": "100",
                        "endOffsets": "151"
                    },
                    "to": {
                        "startLines": "30",
                        "startColumns": "4",
                        "startOffsets": "2868",
                        "endColumns": "100",
                        "endOffsets": "2964"
                    }
                },
                {
                    "source": "C:\\Users\\Henry\\Desktop\\apps\\apkkk\\.gradle\\caches\\transforms-2\\files-2.1\\cb99e77638f7aea73fdfbb0798f74a2b\\appcompat-1.1.0\\res\\values-gu\\values-gu.xml",
                    "from": {
                        "startLines": "2,3,4,5,6,7,8,9,10,11,12,13,14,15,16,17,18,19,20,21,22,23,24,25,26,27,28,29",
                        "startColumns": "4,4,4,4,4,4,4,4,4,4,4,4,4,4,4,4,4,4,4,4,4,4,4,4,4,4,4,4",
                        "startOffsets": "105,212,316,423,510,610,730,808,886,977,1069,1164,1258,1359,1452,1547,1641,1732,1823,1902,2008,2109,2206,2315,2415,2525,2685,2788",
                        "endColumns": "106,103,106,86,99,119,77,77,90,91,94,93,100,92,94,93,90,90,78,105,100,96,108,99,109,159,102,79",
                        "endOffsets": "207,311,418,505,605,725,803,881,972,1064,1159,1253,1354,1447,1542,1636,1727,1818,1897,2003,2104,2201,2310,2410,2520,2680,2783,2863"
                    }
                }
            ]
        }
    ]
}